{"cameraMode":{"drawMode":0,"name":"Shaded","section":"Shading Mode"},"sceneLighting":true,"audioPlay":false,"sceneViewState":{"showFog":true,"showMaterialUpdate":false,"showSkybox":true,"showFlares":true,"showImageEffects":true,"showParticleSystems":true},"in2DMode":false,"pivot":{"x":195.30990600585938,"y":-1.4804677963256837,"z":187.9259490966797},"rotation":{"x":-0.07666076719760895,"y":0.880082368850708,"z":-0.15226855874061585,"w":-0.44319668412208559},"size":17.721960067749025,"orthographic":false}